Run,Assay Type,AvgSpotLen,Bases,BioProject,BioSample,Bytes,Center Name,Consent,DATASTORE filetype,DATASTORE provider,DATASTORE region,diagnosis,Experiment,GEO_Accession (exp),Instrument,LibraryLayout,LibrarySelection,LibrarySource,Organism,Platform,ReleaseDate,create_date,version,Sample Name,source_name,SRA Study,tissue
SRR3129836,RNA-Seq,200,9394635600,PRJNA310012,SAMN04445017,6650542412,GEO,public,"fastq,run.zq,sra","gs,ncbi,s3","gs.us-east1,ncbi.public,s3.us-east-1",Normal,SRX1549983,GSM2049057,Illumina Genome Analyzer,PAIRED,cDNA,TRANSCRIPTOMIC,Homo sapiens,ILLUMINA,2016-05-03T00:00:00Z,2016-02-01T14:45:00Z,1,GSM2049057,Liver,SRP068976,liver
SRR3129837,RNA-Seq,200,7244671200,PRJNA310012,SAMN04445018,5135814420,GEO,public,"fastq,run.zq,sra","gs,ncbi,s3","gs.us-east1,ncbi.public,s3.us-east-1",Normal,SRX1549984,GSM2049058,Illumina Genome Analyzer,PAIRED,cDNA,TRANSCRIPTOMIC,Homo sapiens,ILLUMINA,2016-05-03T00:00:00Z,2016-02-01T14:45:00Z,1,GSM2049058,Liver,SRP068976,liver
SRR3129838,RNA-Seq,200,8235904200,PRJNA310012,SAMN04445019,5812752794,GEO,public,"fastq,run.zq,sra","gs,ncbi,s3","gs.us-east1,ncbi.public,s3.us-east-1",Normal,SRX1549985,GSM2049059,Illumina Genome Analyzer,PAIRED,cDNA,TRANSCRIPTOMIC,Homo sapiens,ILLUMINA,2016-05-03T00:00:00Z,2016-02-01T15:09:00Z,1,GSM2049059,Liver,SRP068976,liver
SRR3129839,RNA-Seq,200,8528394800,PRJNA310012,SAMN04445020,6052299212,GEO,public,"fastq,run.zq,sra","gs,ncbi,s3","gs.us-east1,ncbi.public,s3.us-east-1",Normal,SRX1549986,GSM2049060,Illumina Genome Analyzer,PAIRED,cDNA,TRANSCRIPTOMIC,Homo sapiens,ILLUMINA,2016-05-03T00:00:00Z,2016-02-01T14:56:00Z,1,GSM2049060,Liver,SRP068976,liver
SRR3129840,RNA-Seq,200,6748758800,PRJNA310012,SAMN04445021,4787838431,GEO,public,"fastq,run.zq,sra","gs,ncbi,s3","gs.us-east1,ncbi.public,s3.us-east-1",Normal,SRX1549987,GSM2049061,Illumina Genome Analyzer,PAIRED,cDNA,TRANSCRIPTOMIC,Homo sapiens,ILLUMINA,2016-05-03T00:00:00Z,2016-02-01T14:57:00Z,1,GSM2049061,Liver,SRP068976,liver
SRR3129841,RNA-Seq,200,6922945000,PRJNA310012,SAMN04445022,4908675135,GEO,public,"fastq,run.zq,sra","gs,ncbi,s3","gs.us-east1,ncbi.public,s3.us-east-1",Normal,SRX1549988,GSM2049062,Illumina Genome Analyzer,PAIRED,cDNA,TRANSCRIPTOMIC,Homo sapiens,ILLUMINA,2016-05-03T00:00:00Z,2016-02-01T14:58:00Z,1,GSM2049062,Liver,SRP068976,liver
SRR3129842,RNA-Seq,200,5962346600,PRJNA310012,SAMN04445023,4207025903,GEO,public,"fastq,run.zq,sra","gs,ncbi,s3","gs.us-east1,ncbi.public,s3.us-east-1",Normal,SRX1549989,GSM2049063,Illumina Genome Analyzer,PAIRED,cDNA,TRANSCRIPTOMIC,Homo sapiens,ILLUMINA,2016-05-03T00:00:00Z,2016-02-01T15:20:00Z,1,GSM2049063,Liver,SRP068976,liver
SRR3129843,RNA-Seq,200,6019400600,PRJNA310012,SAMN04445026,4249566502,GEO,public,"fastq,run.zq,sra","gs,ncbi,s3","gs.us-east1,ncbi.public,s3.us-east-1",Normal,SRX1549992,GSM2049066,Illumina Genome Analyzer,PAIRED,cDNA,TRANSCRIPTOMIC,Homo sapiens,ILLUMINA,2016-05-03T00:00:00Z,2016-02-01T15:15:00Z,1,GSM2049066,Liver,SRP068976,liver
SRR3129844,RNA-Seq,200,6456648000,PRJNA310012,SAMN04445024,4430039610,GEO,public,"fastq,run.zq,sra","gs,ncbi,s3","gs.us-east1,ncbi.public,s3.us-east-1",Normal,SRX1549990,GSM2049064,Illumina Genome Analyzer,PAIRED,cDNA,TRANSCRIPTOMIC,Homo sapiens,ILLUMINA,2016-05-03T00:00:00Z,2016-02-01T15:06:00Z,1,GSM2049064,Liver,SRP068976,liver
SRR3129845,RNA-Seq,200,5509733400,PRJNA310012,SAMN04445025,3818613408,GEO,public,"fastq,run.zq,sra","gs,ncbi,s3","gs.us-east1,ncbi.public,s3.us-east-1",Normal,SRX1549991,GSM2049065,Illumina Genome Analyzer,PAIRED,cDNA,TRANSCRIPTOMIC,Homo sapiens,ILLUMINA,2016-05-03T00:00:00Z,2016-02-01T15:11:00Z,1,GSM2049065,Liver,SRP068976,liver
SRR3129846,RNA-Seq,200,7347100400,PRJNA310012,SAMN04445027,5162371478,GEO,public,"fastq,run.zq,sra","gs,ncbi,s3","gs.us-east1,ncbi.public,s3.us-east-1",Normal,SRX1549993,GSM2049067,Illumina Genome Analyzer,PAIRED,cDNA,TRANSCRIPTOMIC,Homo sapiens,ILLUMINA,2016-05-03T00:00:00Z,2016-02-01T15:22:00Z,1,GSM2049067,Liver,SRP068976,liver
SRR3129847,RNA-Seq,200,5994976600,PRJNA310012,SAMN04445028,4233810763,GEO,public,"fastq,run.zq,sra","gs,ncbi,s3","gs.us-east1,ncbi.public,s3.us-east-1",Normal,SRX1549994,GSM2049068,Illumina Genome Analyzer,PAIRED,cDNA,TRANSCRIPTOMIC,Homo sapiens,ILLUMINA,2016-05-03T00:00:00Z,2016-02-01T15:24:00Z,1,GSM2049068,Liver,SRP068976,liver
SRR3129848,RNA-Seq,200,5572392200,PRJNA310012,SAMN04445030,3868786498,GEO,public,"fastq,run.zq,sra","gs,ncbi,s3","gs.us-east1,ncbi.public,s3.us-east-1",Normal,SRX1549996,GSM2049070,Illumina Genome Analyzer,PAIRED,cDNA,TRANSCRIPTOMIC,Homo sapiens,ILLUMINA,2016-05-03T00:00:00Z,2016-02-01T15:38:00Z,1,GSM2049070,Liver,SRP068976,liver
SRR3129849,RNA-Seq,200,7323152600,PRJNA310012,SAMN04445029,5205127979,GEO,public,"fastq,run.zq,sra","gs,ncbi,s3","gs.us-east1,ncbi.public,s3.us-east-1",Normal,SRX1549995,GSM2049069,Illumina Genome Analyzer,PAIRED,cDNA,TRANSCRIPTOMIC,Homo sapiens,ILLUMINA,2016-05-03T00:00:00Z,2016-02-01T15:30:00Z,1,GSM2049069,Liver,SRP068976,liver
SRR3129850,RNA-Seq,200,6812086800,PRJNA310012,SAMN04445031,4812881853,GEO,public,"fastq,run.zq,sra","gs,ncbi,s3","gs.us-east1,ncbi.public,s3.us-east-1",Normal,SRX1549997,GSM2049071,Illumina Genome Analyzer,PAIRED,cDNA,TRANSCRIPTOMIC,Homo sapiens,ILLUMINA,2016-05-03T00:00:00Z,2016-02-01T15:35:00Z,1,GSM2049071,Liver,SRP068976,liver
SRR3129851,RNA-Seq,200,5429751800,PRJNA310012,SAMN04445032,3819062088,GEO,public,"fastq,run.zq,sra","gs,ncbi,s3","gs.us-east1,ncbi.public,s3.us-east-1",Normal,SRX1549998,GSM2049072,Illumina Genome Analyzer,PAIRED,cDNA,TRANSCRIPTOMIC,Homo sapiens,ILLUMINA,2016-05-03T00:00:00Z,2016-02-01T15:34:00Z,1,GSM2049072,Liver,SRP068976,liver
SRR3129852,RNA-Seq,200,7482589000,PRJNA310012,SAMN04445033,5170386175,GEO,public,"fastq,run.zq,sra","gs,ncbi,s3","gs.us-east1,ncbi.public,s3.us-east-1",Normal,SRX1549999,GSM2049073,Illumina Genome Analyzer,PAIRED,cDNA,TRANSCRIPTOMIC,Homo sapiens,ILLUMINA,2016-05-03T00:00:00Z,2016-02-01T15:38:00Z,1,GSM2049073,Liver,SRP068976,liver
SRR3129853,RNA-Seq,200,6821412000,PRJNA310012,SAMN04445034,4745170804,GEO,public,"fastq,run.zq,sra","gs,ncbi,s3","gs.us-east1,ncbi.public,s3.us-east-1",Normal,SRX1550000,GSM2049074,Illumina Genome Analyzer,PAIRED,cDNA,TRANSCRIPTOMIC,Homo sapiens,ILLUMINA,2016-05-03T00:00:00Z,2016-02-01T15:42:00Z,1,GSM2049074,Liver,SRP068976,liver
SRR3129854,RNA-Seq,200,7964785200,PRJNA310012,SAMN04445035,5574974267,GEO,public,"fastq,run.zq,sra","gs,ncbi,s3","gs.us-east1,ncbi.public,s3.us-east-1",Normal,SRX1550001,GSM2049075,Illumina Genome Analyzer,PAIRED,cDNA,TRANSCRIPTOMIC,Homo sapiens,ILLUMINA,2016-05-03T00:00:00Z,2016-02-01T14:27:00Z,1,GSM2049075,Liver,SRP068976,liver
SRR3129855,RNA-Seq,200,5305790800,PRJNA310012,SAMN04445036,3630250196,GEO,public,"fastq,run.zq,sra","gs,ncbi,s3","gs.us-east1,ncbi.public,s3.us-east-1",Normal,SRX1550002,GSM2049076,Illumina Genome Analyzer,PAIRED,cDNA,TRANSCRIPTOMIC,Homo sapiens,ILLUMINA,2016-05-03T00:00:00Z,2016-02-01T15:41:00Z,1,GSM2049076,Liver,SRP068976,liver
SRR3129856,RNA-Seq,200,7137626000,PRJNA310012,SAMN04445037,4898156103,GEO,public,"fastq,run.zq,sra","gs,ncbi,s3","gs.us-east1,ncbi.public,s3.us-east-1",Normal,SRX1550003,GSM2049077,Illumina Genome Analyzer,PAIRED,cDNA,TRANSCRIPTOMIC,Homo sapiens,ILLUMINA,2016-05-03T00:00:00Z,2016-02-01T15:51:00Z,1,GSM2049077,Liver,SRP068976,liver
SRR3129857,RNA-Seq,200,5694519600,PRJNA310012,SAMN04445038,3881071953,GEO,public,"fastq,run.zq,sra","gs,ncbi,s3","gs.us-east1,ncbi.public,s3.us-east-1",Normal,SRX1550004,GSM2049078,Illumina Genome Analyzer,PAIRED,cDNA,TRANSCRIPTOMIC,Homo sapiens,ILLUMINA,2016-05-03T00:00:00Z,2016-02-01T15:48:00Z,1,GSM2049078,Liver,SRP068976,liver
SRR3129858,RNA-Seq,200,7512004000,PRJNA310012,SAMN04445039,5239483516,GEO,public,"fastq,run.zq,sra","gs,ncbi,s3","gs.us-east1,ncbi.public,s3.us-east-1",Normal,SRX1550005,GSM2049079,Illumina Genome Analyzer,PAIRED,cDNA,TRANSCRIPTOMIC,Homo sapiens,ILLUMINA,2016-05-03T00:00:00Z,2016-02-01T15:59:00Z,1,GSM2049079,Liver,SRP068976,liver
SRR3129859,RNA-Seq,200,5314440000,PRJNA310012,SAMN04445040,3732806647,GEO,public,"fastq,run.zq,sra","gs,ncbi,s3","gs.us-east1,ncbi.public,s3.us-east-1",Normal,SRX1550006,GSM2049080,Illumina Genome Analyzer,PAIRED,cDNA,TRANSCRIPTOMIC,Homo sapiens,ILLUMINA,2016-05-03T00:00:00Z,2016-02-01T16:00:00Z,1,GSM2049080,Liver,SRP068976,liver
SRR3129860,RNA-Seq,200,6131124200,PRJNA310012,SAMN04445041,4305201388,GEO,public,"fastq,run.zq,sra","gs,ncbi,s3","gs.us-east1,ncbi.public,s3.us-east-1",Normal,SRX1550007,GSM2049081,Illumina Genome Analyzer,PAIRED,cDNA,TRANSCRIPTOMIC,Homo sapiens,ILLUMINA,2016-05-03T00:00:00Z,2016-02-01T16:03:00Z,1,GSM2049081,Liver,SRP068976,liver
SRR3129861,RNA-Seq,200,7257790200,PRJNA310012,SAMN04445042,5099386829,GEO,public,"fastq,run.zq,sra","gs,ncbi,s3","gs.us-east1,ncbi.public,s3.us-east-1",Normal,SRX1550008,GSM2049082,Illumina Genome Analyzer,PAIRED,cDNA,TRANSCRIPTOMIC,Homo sapiens,ILLUMINA,2016-05-03T00:00:00Z,2016-02-01T16:08:00Z,1,GSM2049082,Liver,SRP068976,liver
SRR3129862,RNA-Seq,200,7279507800,PRJNA310012,SAMN04445043,5069027678,GEO,public,"fastq,run.zq,sra","gs,ncbi,s3","gs.us-east1,ncbi.public,s3.us-east-1",Normal,SRX1550009,GSM2049083,Illumina Genome Analyzer,PAIRED,cDNA,TRANSCRIPTOMIC,Homo sapiens,ILLUMINA,2016-05-03T00:00:00Z,2016-02-01T16:14:00Z,1,GSM2049083,Liver,SRP068976,liver
SRR3129863,RNA-Seq,200,8748690200,PRJNA310012,SAMN04445044,6105113420,GEO,public,"fastq,run.zq,sra","gs,ncbi,s3","gs.us-east1,ncbi.public,s3.us-east-1",Normal,SRX1550010,GSM2049084,Illumina Genome Analyzer,PAIRED,cDNA,TRANSCRIPTOMIC,Homo sapiens,ILLUMINA,2016-05-03T00:00:00Z,2016-02-01T16:21:00Z,1,GSM2049084,Liver,SRP068976,liver
SRR3129864,RNA-Seq,200,7965296200,PRJNA310012,SAMN04445045,5630865963,GEO,public,"fastq,run.zq,sra","gs,ncbi,s3","gs.us-east1,ncbi.public,s3.us-east-1",Normal,SRX1550011,GSM2049085,Illumina Genome Analyzer,PAIRED,cDNA,TRANSCRIPTOMIC,Homo sapiens,ILLUMINA,2016-05-03T00:00:00Z,2016-02-01T16:43:00Z,1,GSM2049085,Liver,SRP068976,liver
SRR3129865,RNA-Seq,200,5726198400,PRJNA310012,SAMN04445046,4001283887,GEO,public,"fastq,run.zq,sra","gs,ncbi,s3","gs.us-east1,ncbi.public,s3.us-east-1",Normal,SRX1550012,GSM2049086,Illumina Genome Analyzer,PAIRED,cDNA,TRANSCRIPTOMIC,Homo sapiens,ILLUMINA,2016-05-03T00:00:00Z,2016-02-01T14:24:00Z,1,GSM2049086,Liver,SRP068976,liver
SRR3129866,RNA-Seq,200,5776005400,PRJNA310012,SAMN04444977,4079545236,GEO,public,"fastq,run.zq,sra","gs,ncbi,s3","gs.us-east1,ncbi.public,s3.us-east-1",Normal,SRX1550013,GSM2049087,Illumina Genome Analyzer,PAIRED,cDNA,TRANSCRIPTOMIC,Homo sapiens,ILLUMINA,2016-05-03T00:00:00Z,2016-02-01T16:26:00Z,1,GSM2049087,Liver,SRP068976,liver
SRR3129867,RNA-Seq,200,6627122400,PRJNA310012,SAMN04444978,4457163022,GEO,public,"fastq,run.zq,sra","gs,ncbi,s3","gs.us-east1,ncbi.public,s3.us-east-1",Normal,SRX1550014,GSM2049088,Illumina Genome Analyzer,PAIRED,cDNA,TRANSCRIPTOMIC,Homo sapiens,ILLUMINA,2016-05-03T00:00:00Z,2016-02-01T16:30:00Z,1,GSM2049088,Liver,SRP068976,liver
SRR3129868,RNA-Seq,200,6350927400,PRJNA310012,SAMN04444979,4393473375,GEO,public,"fastq,run.zq,sra","gs,ncbi,s3","gs.us-east1,ncbi.public,s3.us-east-1",Normal,SRX1550015,GSM2049089,Illumina Genome Analyzer,PAIRED,cDNA,TRANSCRIPTOMIC,Homo sapiens,ILLUMINA,2016-05-03T00:00:00Z,2016-02-01T16:35:00Z,1,GSM2049089,Liver,SRP068976,liver
SRR3129869,RNA-Seq,200,6144813000,PRJNA310012,SAMN04444980,4266944400,GEO,public,"fastq,run.zq,sra","gs,ncbi,s3","gs.us-east1,ncbi.public,s3.us-east-1",Normal,SRX1550016,GSM2049090,Illumina Genome Analyzer,PAIRED,cDNA,TRANSCRIPTOMIC,Homo sapiens,ILLUMINA,2016-05-03T00:00:00Z,2016-02-01T16:39:00Z,1,GSM2049090,Liver,SRP068976,liver
SRR3129870,RNA-Seq,200,5385002000,PRJNA310012,SAMN04444981,3753634753,GEO,public,"fastq,run.zq,sra","gs,ncbi,s3","gs.us-east1,ncbi.public,s3.us-east-1",Normal,SRX1550017,GSM2049091,Illumina Genome Analyzer,PAIRED,cDNA,TRANSCRIPTOMIC,Homo sapiens,ILLUMINA,2016-05-03T00:00:00Z,2016-02-01T14:30:00Z,1,GSM2049091,Liver,SRP068976,liver
SRR3129871,RNA-Seq,200,7188988800,PRJNA310012,SAMN04444982,5081974923,GEO,public,"fastq,run.zq,sra","gs,ncbi,s3","gs.us-east1,ncbi.public,s3.us-east-1",Normal,SRX1550018,GSM2049092,Illumina Genome Analyzer,PAIRED,cDNA,TRANSCRIPTOMIC,Homo sapiens,ILLUMINA,2016-05-03T00:00:00Z,2016-02-01T16:43:00Z,1,GSM2049092,Liver,SRP068976,liver
SRR3129872,RNA-Seq,200,6191245800,PRJNA310012,SAMN04444983,4350091410,GEO,public,"fastq,run.zq,sra","gs,ncbi,s3","gs.us-east1,ncbi.public,s3.us-east-1",Normal,SRX1550019,GSM2049093,Illumina Genome Analyzer,PAIRED,cDNA,TRANSCRIPTOMIC,Homo sapiens,ILLUMINA,2016-05-03T00:00:00Z,2016-02-01T16:47:00Z,1,GSM2049093,Liver,SRP068976,liver
SRR3129873,RNA-Seq,200,6294022200,PRJNA310012,SAMN04444984,4429430223,GEO,public,"fastq,run.zq,sra","gs,ncbi,s3","gs.us-east1,ncbi.public,s3.us-east-1",Normal,SRX1550020,GSM2049094,Illumina Genome Analyzer,PAIRED,cDNA,TRANSCRIPTOMIC,Homo sapiens,ILLUMINA,2016-05-03T00:00:00Z,2016-02-01T16:53:00Z,1,GSM2049094,Liver,SRP068976,liver
SRR3129874,RNA-Seq,200,6968407200,PRJNA310012,SAMN04444985,4893329350,GEO,public,"fastq,run.zq,sra","gs,ncbi,s3","gs.us-east1,ncbi.public,s3.us-east-1",Normal,SRX1550021,GSM2049095,Illumina Genome Analyzer,PAIRED,cDNA,TRANSCRIPTOMIC,Homo sapiens,ILLUMINA,2016-05-03T00:00:00Z,2016-02-01T16:53:00Z,1,GSM2049095,Liver,SRP068976,liver
SRR3129875,RNA-Seq,200,7646840000,PRJNA310012,SAMN04444986,5355090740,GEO,public,"run.zq,sra","gs,ncbi,s3","gs.us-east1,ncbi.public,s3.us-east-1",Normal,SRX1550022,GSM2049096,Illumina Genome Analyzer,PAIRED,cDNA,TRANSCRIPTOMIC,Homo sapiens,ILLUMINA,2016-05-03T00:00:00Z,2016-01-28T02:45:00Z,1,GSM2049096,Liver,SRP068976,liver
SRR3129876,RNA-Seq,200,6224901000,PRJNA310012,SAMN04444987,4414289390,GEO,public,"fastq,run.zq,sra","gs,ncbi,s3","gs.us-east1,ncbi.public,s3.us-east-1",Normal,SRX1550023,GSM2049097,Illumina Genome Analyzer,PAIRED,cDNA,TRANSCRIPTOMIC,Homo sapiens,ILLUMINA,2016-05-03T00:00:00Z,2016-02-01T17:15:00Z,1,GSM2049097,Liver,SRP068976,liver
SRR3129877,RNA-Seq,200,5994059800,PRJNA310012,SAMN04444990,4212956946,GEO,public,"sra,fastq,run.zq","gs,ncbi,s3","gs.us-east1,ncbi.public,s3.us-east-1",Normal,SRX1550026,GSM2049100,Illumina Genome Analyzer,PAIRED,cDNA,TRANSCRIPTOMIC,Homo sapiens,ILLUMINA,2016-05-03T00:00:00Z,2016-02-01T17:13:00Z,1,GSM2049100,Liver,SRP068976,liver
SRR3129878,RNA-Seq,200,7223060600,PRJNA310012,SAMN04444988,5146050638,GEO,public,"fastq,run.zq,sra","gs,ncbi,s3","gs.us-east1,ncbi.public,s3.us-east-1",Normal,SRX1550024,GSM2049098,Illumina Genome Analyzer,PAIRED,cDNA,TRANSCRIPTOMIC,Homo sapiens,ILLUMINA,2016-05-03T00:00:00Z,2016-02-01T17:07:00Z,1,GSM2049098,Liver,SRP068976,liver
SRR3129879,RNA-Seq,200,7606377600,PRJNA310012,SAMN04444989,5316369313,GEO,public,"fastq,run.zq,sra","gs,ncbi,s3","gs.us-east1,ncbi.public,s3.us-east-1",Normal,SRX1550025,GSM2049099,Illumina Genome Analyzer,PAIRED,cDNA,TRANSCRIPTOMIC,Homo sapiens,ILLUMINA,2016-05-03T00:00:00Z,2016-02-01T17:12:00Z,1,GSM2049099,Liver,SRP068976,liver
SRR3129880,RNA-Seq,200,6409845600,PRJNA310012,SAMN04444991,4467860579,GEO,public,"fastq,run.zq,sra","gs,ncbi,s3","gs.us-east1,ncbi.public,s3.us-east-1",Normal,SRX1550027,GSM2049101,Illumina Genome Analyzer,PAIRED,cDNA,TRANSCRIPTOMIC,Homo sapiens,ILLUMINA,2016-05-03T00:00:00Z,2016-02-01T17:16:00Z,1,GSM2049101,Liver,SRP068976,liver
SRR3129881,RNA-Seq,200,6145167200,PRJNA310012,SAMN04444992,4245849462,GEO,public,"fastq,run.zq,sra","gs,ncbi,s3","gs.us-east1,ncbi.public,s3.us-east-1",Normal,SRX1550028,GSM2049102,Illumina Genome Analyzer,PAIRED,cDNA,TRANSCRIPTOMIC,Homo sapiens,ILLUMINA,2016-05-03T00:00:00Z,2016-02-01T17:18:00Z,1,GSM2049102,Liver,SRP068976,liver
SRR3129882,RNA-Seq,200,6582918000,PRJNA310012,SAMN04444993,4604252284,GEO,public,"run.zq,sra","gs,ncbi,s3","gs.us-east1,ncbi.public,s3.us-east-1",Normal,SRX1550029,GSM2049103,Illumina Genome Analyzer,PAIRED,cDNA,TRANSCRIPTOMIC,Homo sapiens,ILLUMINA,2016-05-03T00:00:00Z,2016-01-28T02:31:00Z,1,GSM2049103,Liver,SRP068976,liver
SRR3129883,RNA-Seq,200,6377177000,PRJNA310012,SAMN04444994,4459109695,GEO,public,"run.zq,sra","gs,ncbi,s3","gs.us-east1,ncbi.public,s3.us-east-1",Normal,SRX1550030,GSM2049104,Illumina Genome Analyzer,PAIRED,cDNA,TRANSCRIPTOMIC,Homo sapiens,ILLUMINA,2016-05-03T00:00:00Z,2016-01-28T02:49:00Z,1,GSM2049104,Liver,SRP068976,liver
SRR3129885,RNA-Seq,200,6545089200,PRJNA310012,SAMN04444996,4503237057,GEO,public,"fastq,run.zq,sra","gs,ncbi,s3","gs.us-east1,ncbi.public,s3.us-east-1",Normal,SRX1550032,GSM2049106,Illumina Genome Analyzer,PAIRED,cDNA,TRANSCRIPTOMIC,Homo sapiens,ILLUMINA,2016-05-03T00:00:00Z,2016-02-01T14:36:00Z,1,GSM2049106,Liver,SRP068976,liver
SRR3129886,RNA-Seq,200,6967813600,PRJNA310012,SAMN04444997,4876197154,GEO,public,"fastq,run.zq,sra","gs,ncbi,s3","gs.us-east1,ncbi.public,s3.us-east-1",Tumor,SRX1550033,GSM2049107,Illumina Genome Analyzer,PAIRED,cDNA,TRANSCRIPTOMIC,Homo sapiens,ILLUMINA,2016-05-03T00:00:00Z,2016-02-01T14:47:00Z,1,GSM2049107,Liver,SRP068976,liver
SRR3129887,RNA-Seq,200,7023076200,PRJNA310012,SAMN04444998,4902896640,GEO,public,"fastq,run.zq,sra","gs,ncbi,s3","gs.us-east1,ncbi.public,s3.us-east-1",Tumor,SRX1550034,GSM2049108,Illumina Genome Analyzer,PAIRED,cDNA,TRANSCRIPTOMIC,Homo sapiens,ILLUMINA,2016-05-03T00:00:00Z,2016-02-01T14:47:00Z,1,GSM2049108,Liver,SRP068976,liver
SRR3129888,RNA-Seq,200,6946393800,PRJNA310012,SAMN04444999,4849569004,GEO,public,"fastq,run.zq,sra","gs,ncbi,s3","gs.us-east1,ncbi.public,s3.us-east-1",Tumor,SRX1550035,GSM2049109,Illumina Genome Analyzer,PAIRED,cDNA,TRANSCRIPTOMIC,Homo sapiens,ILLUMINA,2016-05-03T00:00:00Z,2016-02-01T14:53:00Z,1,GSM2049109,Liver,SRP068976,liver
SRR3129889,RNA-Seq,200,6104953600,PRJNA310012,SAMN04445000,4255737130,GEO,public,"fastq,run.zq,sra","gs,ncbi,s3","gs.us-east1,ncbi.public,s3.us-east-1",Tumor,SRX1550036,GSM2049110,Illumina Genome Analyzer,PAIRED,cDNA,TRANSCRIPTOMIC,Homo sapiens,ILLUMINA,2016-05-03T00:00:00Z,2016-02-01T14:55:00Z,1,GSM2049110,Liver,SRP068976,liver
SRR3129890,RNA-Seq,200,4751392800,PRJNA310012,SAMN04445003,3308876969,GEO,public,"fastq,run.zq,sra","gs,ncbi,s3","gs.us-east1,ncbi.public,s3.us-east-1",Tumor,SRX1550037,GSM2049111,Illumina Genome Analyzer,PAIRED,cDNA,TRANSCRIPTOMIC,Homo sapiens,ILLUMINA,2016-05-03T00:00:00Z,2016-02-01T14:55:00Z,1,GSM2049111,Liver,SRP068976,liver
SRR3129891,RNA-Seq,200,4461075200,PRJNA310012,SAMN04445004,3157862474,GEO,public,"fastq,run.zq,sra","gs,ncbi,s3","gs.us-east1,ncbi.public,s3.us-east-1",Tumor,SRX1550038,GSM2049112,Illumina Genome Analyzer,PAIRED,cDNA,TRANSCRIPTOMIC,Homo sapiens,ILLUMINA,2016-05-03T00:00:00Z,2016-02-01T14:57:00Z,1,GSM2049112,Liver,SRP068976,liver
SRR3129892,RNA-Seq,200,7620926400,PRJNA310012,SAMN04445005,5390462146,GEO,public,"fastq,run.zq,sra","gs,ncbi,s3","gs.us-east1,ncbi.public,s3.us-east-1",Tumor,SRX1550039,GSM2049113,Illumina Genome Analyzer,PAIRED,cDNA,TRANSCRIPTOMIC,Homo sapiens,ILLUMINA,2016-05-03T00:00:00Z,2016-02-01T15:07:00Z,1,GSM2049113,Liver,SRP068976,liver
SRR3129893,RNA-Seq,200,6550182200,PRJNA310012,SAMN04445006,4635863252,GEO,public,"fastq,run.zq,sra","gs,ncbi,s3","gs.us-east1,ncbi.public,s3.us-east-1",Tumor,SRX1550040,GSM2049114,Illumina Genome Analyzer,PAIRED,cDNA,TRANSCRIPTOMIC,Homo sapiens,ILLUMINA,2016-05-03T00:00:00Z,2016-02-01T15:12:00Z,1,GSM2049114,Liver,SRP068976,liver
SRR3129894,RNA-Seq,200,5488159400,PRJNA310012,SAMN04445047,3881099761,GEO,public,"fastq,run.zq,sra","gs,ncbi,s3","gs.us-east1,ncbi.public,s3.us-east-1",Tumor,SRX1550041,GSM2049115,Illumina Genome Analyzer,PAIRED,cDNA,TRANSCRIPTOMIC,Homo sapiens,ILLUMINA,2016-05-03T00:00:00Z,2016-02-01T15:12:00Z,1,GSM2049115,Liver,SRP068976,liver
SRR3129895,RNA-Seq,200,5692280600,PRJNA310012,SAMN04445048,4028830731,GEO,public,"fastq,run.zq,sra","gs,ncbi,s3","gs.us-east1,ncbi.public,s3.us-east-1",Tumor,SRX1550042,GSM2049116,Illumina Genome Analyzer,PAIRED,cDNA,TRANSCRIPTOMIC,Homo sapiens,ILLUMINA,2016-05-03T00:00:00Z,2016-02-01T15:15:00Z,1,GSM2049116,Liver,SRP068976,liver
SRR3129896,RNA-Seq,200,6164059200,PRJNA310012,SAMN04445057,4365912044,GEO,public,"fastq,run.zq,sra","gs,ncbi,s3","gs.us-east1,ncbi.public,s3.us-east-1",Tumor,SRX1550053,GSM2049127,Illumina Genome Analyzer,PAIRED,cDNA,TRANSCRIPTOMIC,Homo sapiens,ILLUMINA,2016-05-03T00:00:00Z,2016-02-01T15:51:00Z,1,GSM2049127,Liver,SRP068976,liver
SRR3129897,RNA-Seq,200,7597487800,PRJNA310012,SAMN04445001,5381629539,GEO,public,"fastq,run.zq,sra","gs,ncbi,s3","gs.us-east1,ncbi.public,s3.us-east-1",Tumor,SRX1550043,GSM2049117,Illumina Genome Analyzer,PAIRED,cDNA,TRANSCRIPTOMIC,Homo sapiens,ILLUMINA,2016-05-03T00:00:00Z,2016-02-01T15:26:00Z,1,GSM2049117,Liver,SRP068976,liver
SRR3129898,RNA-Seq,200,7483112800,PRJNA310012,SAMN04445002,5305910108,GEO,public,"fastq,run.zq,sra","gs,ncbi,s3","gs.us-east1,ncbi.public,s3.us-east-1",Tumor,SRX1550044,GSM2049118,Illumina Genome Analyzer,PAIRED,cDNA,TRANSCRIPTOMIC,Homo sapiens,ILLUMINA,2016-05-03T00:00:00Z,2016-02-01T15:27:00Z,1,GSM2049118,Liver,SRP068976,liver
SRR3129899,RNA-Seq,200,6586108800,PRJNA310012,SAMN04445049,4654093726,GEO,public,"fastq,run.zq,sra","gs,ncbi,s3","gs.us-east1,ncbi.public,s3.us-east-1",Tumor,SRX1550045,GSM2049119,Illumina Genome Analyzer,PAIRED,cDNA,TRANSCRIPTOMIC,Homo sapiens,ILLUMINA,2016-05-03T00:00:00Z,2016-02-01T15:31:00Z,1,GSM2049119,Liver,SRP068976,liver
SRR3129900,RNA-Seq,200,7872475200,PRJNA310012,SAMN04445050,5589435602,GEO,public,"fastq,run.zq,sra","gs,ncbi,s3","gs.us-east1,ncbi.public,s3.us-east-1",Tumor,SRX1550046,GSM2049120,Illumina Genome Analyzer,PAIRED,cDNA,TRANSCRIPTOMIC,Homo sapiens,ILLUMINA,2016-05-03T00:00:00Z,2016-02-01T15:35:00Z,1,GSM2049120,Liver,SRP068976,liver
SRR3129901,RNA-Seq,200,7841444400,PRJNA310012,SAMN04445051,5509461211,GEO,public,"fastq,run.zq,sra","gs,ncbi,s3","gs.us-east1,ncbi.public,s3.us-east-1",Tumor,SRX1550047,GSM2049121,Illumina Genome Analyzer,PAIRED,cDNA,TRANSCRIPTOMIC,Homo sapiens,ILLUMINA,2016-05-03T00:00:00Z,2016-02-01T15:55:00Z,1,GSM2049121,Liver,SRP068976,liver
SRR3129902,RNA-Seq,200,7874212600,PRJNA310012,SAMN04445052,5530348788,GEO,public,"fastq,run.zq,sra","gs,ncbi,s3","gs.us-east1,ncbi.public,s3.us-east-1",Tumor,SRX1550048,GSM2049122,Illumina Genome Analyzer,PAIRED,cDNA,TRANSCRIPTOMIC,Homo sapiens,ILLUMINA,2016-05-03T00:00:00Z,2016-02-01T15:41:00Z,1,GSM2049122,Liver,SRP068976,liver
SRR3129903,RNA-Seq,200,6940619400,PRJNA310012,SAMN04445053,4926389199,GEO,public,"fastq,run.zq,sra","gs,ncbi,s3","gs.us-east1,ncbi.public,s3.us-east-1",Tumor,SRX1550049,GSM2049123,Illumina Genome Analyzer,PAIRED,cDNA,TRANSCRIPTOMIC,Homo sapiens,ILLUMINA,2016-05-03T00:00:00Z,2016-02-01T15:40:00Z,1,GSM2049123,Liver,SRP068976,liver
SRR3129904,RNA-Seq,200,6540807400,PRJNA310012,SAMN04445054,4622169932,GEO,public,"fastq,run.zq,sra","gs,ncbi,s3","gs.us-east1,ncbi.public,s3.us-east-1",Tumor,SRX1550050,GSM2049124,Illumina Genome Analyzer,PAIRED,cDNA,TRANSCRIPTOMIC,Homo sapiens,ILLUMINA,2016-05-03T00:00:00Z,2016-02-01T15:41:00Z,1,GSM2049124,Liver,SRP068976,liver
SRR3129905,RNA-Seq,200,4839025800,PRJNA310012,SAMN04445055,3374875832,GEO,public,"fastq,run.zq,sra","gs,ncbi,s3","gs.us-east1,ncbi.public,s3.us-east-1",Tumor,SRX1550051,GSM2049125,Illumina Genome Analyzer,PAIRED,cDNA,TRANSCRIPTOMIC,Homo sapiens,ILLUMINA,2016-05-03T00:00:00Z,2016-02-01T14:21:00Z,1,GSM2049125,Liver,SRP068976,liver
SRR3129906,RNA-Seq,200,7853859200,PRJNA310012,SAMN04445056,5528425010,GEO,public,"fastq,run.zq,sra","gs,ncbi,s3","gs.us-east1,ncbi.public,s3.us-east-1",Tumor,SRX1550052,GSM2049126,Illumina Genome Analyzer,PAIRED,cDNA,TRANSCRIPTOMIC,Homo sapiens,ILLUMINA,2016-05-03T00:00:00Z,2016-02-01T15:48:00Z,1,GSM2049126,Liver,SRP068976,liver
SRR3129907,RNA-Seq,200,5954777800,PRJNA310012,SAMN04445058,4235465431,GEO,public,"fastq,run.zq,sra","gs,ncbi,s3","gs.us-east1,ncbi.public,s3.us-east-1",Tumor,SRX1550054,GSM2049128,Illumina Genome Analyzer,PAIRED,cDNA,TRANSCRIPTOMIC,Homo sapiens,ILLUMINA,2016-05-03T00:00:00Z,2016-02-01T15:54:00Z,1,GSM2049128,Liver,SRP068976,liver
SRR3129908,RNA-Seq,200,6211198600,PRJNA310012,SAMN04445060,4368966078,GEO,public,"fastq,run.zq,sra","gs,ncbi,s3","gs.us-east1,ncbi.public,s3.us-east-1",Tumor,SRX1550056,GSM2049130,Illumina Genome Analyzer,PAIRED,cDNA,TRANSCRIPTOMIC,Homo sapiens,ILLUMINA,2016-05-03T00:00:00Z,2016-02-01T16:03:00Z,1,GSM2049130,Liver,SRP068976,liver
SRR3129909,RNA-Seq,200,8992497000,PRJNA310012,SAMN04445059,6372901258,GEO,public,"fastq,run.zq,sra","gs,ncbi,s3","gs.us-east1,ncbi.public,s3.us-east-1",Tumor,SRX1550055,GSM2049129,Illumina Genome Analyzer,PAIRED,cDNA,TRANSCRIPTOMIC,Homo sapiens,ILLUMINA,2016-05-03T00:00:00Z,2016-02-01T16:02:00Z,1,GSM2049129,Liver,SRP068976,liver
SRR3129910,RNA-Seq,200,6218325200,PRJNA310012,SAMN04445061,4397784173,GEO,public,"fastq,run.zq,sra","gs,ncbi,s3","gs.us-east1,ncbi.public,s3.us-east-1",Tumor,SRX1550057,GSM2049131,Illumina Genome Analyzer,PAIRED,cDNA,TRANSCRIPTOMIC,Homo sapiens,ILLUMINA,2016-05-03T00:00:00Z,2016-02-01T16:06:00Z,1,GSM2049131,Liver,SRP068976,liver
SRR3129911,RNA-Seq,200,5607004200,PRJNA310012,SAMN04445064,3966455635,GEO,public,"fastq,run.zq,sra","gs,ncbi,s3","gs.us-east1,ncbi.public,s3.us-east-1",Tumor,SRX1550060,GSM2049134,Illumina Genome Analyzer,PAIRED,cDNA,TRANSCRIPTOMIC,Homo sapiens,ILLUMINA,2016-05-03T00:00:00Z,2016-02-01T16:20:00Z,1,GSM2049134,Liver,SRP068976,liver
SRR3129912,RNA-Seq,200,6512894000,PRJNA310012,SAMN04445062,4605040461,GEO,public,"fastq,run.zq,sra","gs,ncbi,s3","gs.us-east1,ncbi.public,s3.us-east-1",Tumor,SRX1550058,GSM2049132,Illumina Genome Analyzer,PAIRED,cDNA,TRANSCRIPTOMIC,Homo sapiens,ILLUMINA,2016-05-03T00:00:00Z,2016-02-01T16:10:00Z,1,GSM2049132,Liver,SRP068976,liver
SRR3129913,RNA-Seq,200,7365705000,PRJNA310012,SAMN04445063,5187131920,GEO,public,"fastq,run.zq,sra","gs,ncbi,s3","gs.us-east1,ncbi.public,s3.us-east-1",Tumor,SRX1550059,GSM2049133,Illumina Genome Analyzer,PAIRED,cDNA,TRANSCRIPTOMIC,Homo sapiens,ILLUMINA,2016-05-03T00:00:00Z,2016-02-01T16:16:00Z,1,GSM2049133,Liver,SRP068976,liver
SRR3129914,RNA-Seq,200,6659431200,PRJNA310012,SAMN04445065,4719022567,GEO,public,"fastq,run.zq,sra","gs,ncbi,s3","gs.us-east1,ncbi.public,s3.us-east-1",Tumor,SRX1550061,GSM2049135,Illumina Genome Analyzer,PAIRED,cDNA,TRANSCRIPTOMIC,Homo sapiens,ILLUMINA,2016-05-03T00:00:00Z,2016-02-01T16:27:00Z,1,GSM2049135,Liver,SRP068976,liver
SRR3129915,RNA-Seq,200,8053967800,PRJNA310012,SAMN04445066,5708784760,GEO,public,"fastq,run.zq,sra","gs,ncbi,s3","gs.us-east1,ncbi.public,s3.us-east-1",Tumor,SRX1550062,GSM2049136,Illumina Genome Analyzer,PAIRED,cDNA,TRANSCRIPTOMIC,Homo sapiens,ILLUMINA,2016-05-03T00:00:00Z,2016-02-01T14:31:00Z,1,GSM2049136,Liver,SRP068976,liver
SRR3129916,RNA-Seq,200,8270966400,PRJNA310012,SAMN04445067,5797698318,GEO,public,"fastq,run.zq,sra","gs,ncbi,s3","gs.us-east1,ncbi.public,s3.us-east-1",Tumor,SRX1550063,GSM2049137,Illumina Genome Analyzer,PAIRED,cDNA,TRANSCRIPTOMIC,Homo sapiens,ILLUMINA,2016-05-03T00:00:00Z,2016-02-01T16:52:00Z,1,GSM2049137,Liver,SRP068976,liver
SRR3129917,RNA-Seq,200,5691004800,PRJNA310012,SAMN04445068,4020250708,GEO,public,"fastq,run.zq,sra","gs,ncbi,s3","gs.us-east1,ncbi.public,s3.us-east-1",Tumor,SRX1550064,GSM2049138,Illumina Genome Analyzer,PAIRED,cDNA,TRANSCRIPTOMIC,Homo sapiens,ILLUMINA,2016-05-03T00:00:00Z,2016-02-01T16:36:00Z,1,GSM2049138,Liver,SRP068976,liver
SRR3129918,RNA-Seq,200,9023586800,PRJNA310012,SAMN04445069,6382347280,GEO,public,"fastq,run.zq,sra","gs,ncbi,s3","gs.us-east1,ncbi.public,s3.us-east-1",Tumor,SRX1550065,GSM2049139,Illumina Genome Analyzer,PAIRED,cDNA,TRANSCRIPTOMIC,Homo sapiens,ILLUMINA,2016-05-03T00:00:00Z,2016-02-01T16:42:00Z,1,GSM2049139,Liver,SRP068976,liver
SRR3129919,RNA-Seq,200,8220814800,PRJNA310012,SAMN04445070,5814566268,GEO,public,"fastq,run.zq,sra","gs,ncbi,s3","gs.us-east1,ncbi.public,s3.us-east-1",Tumor,SRX1550066,GSM2049140,Illumina Genome Analyzer,PAIRED,cDNA,TRANSCRIPTOMIC,Homo sapiens,ILLUMINA,2016-05-03T00:00:00Z,2016-02-01T16:46:00Z,1,GSM2049140,Liver,SRP068976,liver
SRR3129920,RNA-Seq,200,6357634800,PRJNA310012,SAMN04445071,4489743944,GEO,public,"fastq,run.zq,sra","gs,ncbi,s3","gs.us-east1,ncbi.public,s3.us-east-1",Tumor,SRX1550067,GSM2049141,Illumina Genome Analyzer,PAIRED,cDNA,TRANSCRIPTOMIC,Homo sapiens,ILLUMINA,2016-05-03T00:00:00Z,2016-02-01T14:32:00Z,1,GSM2049141,Liver,SRP068976,liver
SRR3129921,RNA-Seq,200,5468508000,PRJNA310012,SAMN04445007,3851698642,GEO,public,"fastq,run.zq,sra","gs,ncbi,s3","gs.us-east1,ncbi.public,s3.us-east-1",Tumor,SRX1550070,GSM2049144,Illumina Genome Analyzer,PAIRED,cDNA,TRANSCRIPTOMIC,Homo sapiens,ILLUMINA,2016-05-03T00:00:00Z,2016-02-01T16:51:00Z,1,GSM2049144,Liver,SRP068976,liver
SRR3129922,RNA-Seq,200,8447728000,PRJNA310012,SAMN04445072,6027053322,GEO,public,"fastq,run.zq,sra","gs,ncbi,s3","gs.us-east1,ncbi.public,s3.us-east-1",Tumor,SRX1550068,GSM2049142,Illumina Genome Analyzer,PAIRED,cDNA,TRANSCRIPTOMIC,Homo sapiens,ILLUMINA,2016-05-03T00:00:00Z,2016-02-01T16:53:00Z,1,GSM2049142,Liver,SRP068976,liver
SRR3129923,RNA-Seq,200,9598903400,PRJNA310012,SAMN04445076,6839073999,GEO,public,"fastq,run.zq,sra","gs,ncbi,s3","gs.us-east1,ncbi.public,s3.us-east-1",Tumor,SRX1550069,GSM2049143,Illumina Genome Analyzer,PAIRED,cDNA,TRANSCRIPTOMIC,Homo sapiens,ILLUMINA,2016-05-03T00:00:00Z,2016-02-01T16:55:00Z,1,GSM2049143,Liver,SRP068976,liver
SRR3129924,RNA-Seq,200,6494303600,PRJNA310012,SAMN04445008,4628192710,GEO,public,"fastq,run.zq,sra","gs,ncbi,s3","gs.us-east1,ncbi.public,s3.us-east-1",Tumor,SRX1550071,GSM2049145,Illumina Genome Analyzer,PAIRED,cDNA,TRANSCRIPTOMIC,Homo sapiens,ILLUMINA,2016-05-03T00:00:00Z,2016-02-01T16:56:00Z,1,GSM2049145,Liver,SRP068976,liver
SRR3129925,RNA-Seq,200,5983362000,PRJNA310012,SAMN04445009,4229719088,GEO,public,"fastq,run.zq,sra","gs,ncbi,s3","gs.us-east1,ncbi.public,s3.us-east-1",Tumor,SRX1550072,GSM2049146,Illumina Genome Analyzer,PAIRED,cDNA,TRANSCRIPTOMIC,Homo sapiens,ILLUMINA,2016-05-03T00:00:00Z,2016-02-01T16:59:00Z,1,GSM2049146,Liver,SRP068976,liver
SRR3129926,RNA-Seq,200,5890157000,PRJNA310012,SAMN04445012,4127360582,GEO,public,"run.zq,sra","gs,ncbi,s3","gs.us-east1,ncbi.public,s3.us-east-1",Tumor,SRX1550078,GSM2049152,Illumina Genome Analyzer,PAIRED,cDNA,TRANSCRIPTOMIC,Homo sapiens,ILLUMINA,2016-05-03T00:00:00Z,2016-01-28T02:29:00Z,1,GSM2049152,Liver,SRP068976,liver
SRR3129927,RNA-Seq,200,6804786200,PRJNA310012,SAMN04445073,4753085061,GEO,public,"fastq,run.zq,sra","gs,ncbi,s3","gs.us-east1,ncbi.public,s3.us-east-1",Tumor,SRX1550073,GSM2049147,Illumina Genome Analyzer,PAIRED,cDNA,TRANSCRIPTOMIC,Homo sapiens,ILLUMINA,2016-05-03T00:00:00Z,2016-02-01T17:02:00Z,1,GSM2049147,Liver,SRP068976,liver
SRR3129928,RNA-Seq,200,5377964800,PRJNA310012,SAMN04445074,3805753311,GEO,public,"fastq,run.zq,sra","gs,ncbi,s3","gs.us-east1,ncbi.public,s3.us-east-1",Tumor,SRX1550074,GSM2049148,Illumina Genome Analyzer,PAIRED,cDNA,TRANSCRIPTOMIC,Homo sapiens,ILLUMINA,2016-05-03T00:00:00Z,2016-02-01T17:06:00Z,1,GSM2049148,Liver,SRP068976,liver
SRR3129929,RNA-Seq,200,6403008600,PRJNA310012,SAMN04445075,4491024393,GEO,public,"fastq,run.zq,sra","gs,ncbi,s3","gs.us-east1,ncbi.public,s3.us-east-1",Tumor,SRX1550075,GSM2049149,Illumina Genome Analyzer,PAIRED,cDNA,TRANSCRIPTOMIC,Homo sapiens,ILLUMINA,2016-05-03T00:00:00Z,2016-02-01T17:10:00Z,1,GSM2049149,Liver,SRP068976,liver
SRR3129930,RNA-Seq,200,7044643600,PRJNA310012,SAMN04445010,4950977622,GEO,public,"fastq,run.zq,sra","gs,ncbi,s3","gs.us-east1,ncbi.public,s3.us-east-1",Tumor,SRX1550076,GSM2049150,Illumina Genome Analyzer,PAIRED,cDNA,TRANSCRIPTOMIC,Homo sapiens,ILLUMINA,2016-05-03T00:00:00Z,2016-02-01T17:16:00Z,1,GSM2049150,Liver,SRP068976,liver
SRR3129931,RNA-Seq,200,7770381600,PRJNA310012,SAMN04445011,5450534144,GEO,public,"run.zq,sra","gs,ncbi,s3","gs.us-east1,ncbi.public,s3.us-east-1",Tumor,SRX1550077,GSM2049151,Illumina Genome Analyzer,PAIRED,cDNA,TRANSCRIPTOMIC,Homo sapiens,ILLUMINA,2016-05-03T00:00:00Z,2016-01-28T02:35:00Z,1,GSM2049151,Liver,SRP068976,liver
SRR3129932,RNA-Seq,200,6855819400,PRJNA310012,SAMN04445013,4781251749,GEO,public,"run.zq,sra","gs,ncbi,s3","gs.us-east1,ncbi.public,s3.us-east-1",Tumor,SRX1550079,GSM2049153,Illumina Genome Analyzer,PAIRED,cDNA,TRANSCRIPTOMIC,Homo sapiens,ILLUMINA,2016-05-03T00:00:00Z,2016-01-28T02:49:00Z,1,GSM2049153,Liver,SRP068976,liver
SRR3129933,RNA-Seq,200,6304677200,PRJNA310012,SAMN04445014,4424411984,GEO,public,"run.zq,sra","gs,ncbi,s3","gs.us-east1,ncbi.public,s3.us-east-1",Tumor,SRX1550080,GSM2049154,Illumina Genome Analyzer,PAIRED,cDNA,TRANSCRIPTOMIC,Homo sapiens,ILLUMINA,2016-05-03T00:00:00Z,2016-01-28T02:45:00Z,1,GSM2049154,Liver,SRP068976,liver
SRR3129934,RNA-Seq,200,7480676400,PRJNA310012,SAMN04445015,5131601995,GEO,public,"fastq,run.zq,sra","gs,ncbi,s3","gs.us-east1,ncbi.public,s3.us-east-1",Tumor,SRX1550081,GSM2049155,Illumina Genome Analyzer,PAIRED,cDNA,TRANSCRIPTOMIC,Homo sapiens,ILLUMINA,2016-05-03T00:00:00Z,2016-02-01T14:36:00Z,1,GSM2049155,Liver,SRP068976,liver
SRR3129935,RNA-Seq,200,5289840600,PRJNA310012,SAMN04445016,3611546224,GEO,public,"fastq,run.zq,sra","gs,ncbi,s3","gs.us-east1,ncbi.public,s3.us-east-1",Tumor,SRX1550082,GSM2049156,Illumina Genome Analyzer,PAIRED,cDNA,TRANSCRIPTOMIC,Homo sapiens,ILLUMINA,2016-05-03T00:00:00Z,2016-02-01T14:35:00Z,1,GSM2049156,Liver,SRP068976,liver
SRR3182261,RNA-Seq,200,4834622000,PRJNA310012,SAMN04444995,3368489342,GEO,public,"fastq,run.zq,sra","gs,ncbi,s3","gs.us-east1,ncbi.public,s3.us-east-1",Normal,SRX1550031,GSM2049105,Illumina Genome Analyzer,PAIRED,cDNA,TRANSCRIPTOMIC,Homo sapiens,ILLUMINA,2016-05-03T00:00:00Z,2016-02-22T15:23:00Z,1,GSM2049105,Liver,SRP068976,liver
